sales_agent,manager,regional_office
Donn Cantrell,Rocco Neubert,Central
James Ascencio,Summer Sewald,West
Vicki Laflamme,Celia Rouche,West
Niesha Huffines,Melvin Marxen,East
Kami Bicknell,Summer Sewald,West
Versie Hillebrand,Dustin Brinkmann,East
Kary Hendrixson,Summer Sewald,West
Anna Snelling,Dustin Brinkmann,East
Darcel Schlecht,Melvin Marxen,East
Marty Freudenburg,Melvin Marxen,East
Lajuana Vencill,Dustin Brinkmann,East
Reed Clapper,Rocco Neubert,Central
Elease Gluck,Celia Rouche,West
Rosie Papadopoulos,Cara Losch,Central
Zane Levy,Summer Sewald,West
Jonathan Berthelot,Melvin Marxen,East
Rosalina Dieter,Celia Rouche,West
Cecily Lampkin,Dustin Brinkmann,East
Gladys Colclough,Melvin Marxen,East
Daniell Hammack,Rocco Neubert,Central
Moses Frase,Dustin Brinkmann,East
Violet Mclelland,Cara Losch,Central
Wilburn Farren,Cara Losch,Central
Markita Hansen,Celia Rouche,West
Corliss Cosme,Cara Losch,Central
Cassey Cress,Rocco Neubert,Central
Boris Faz,Rocco Neubert,Central
Maureen Marcano,Summer Sewald,West
Garret Kinder,Cara Losch,Central
Hayden Neloms,Celia Rouche,West
